{
  "range": {
    "x_max": 4.0,
    "n_points": 2001
  },
  "rational": {
    "rmse": 0.013299405724269197,
    "mae": 0.01069864385346439,
    "max_abs_err": 0.023520182738134388
  },
  "pwl": {
    "rmse": 0.018342569956402866,
    "mae": 0.012557168696932814,
    "max_abs_err": 0.04126104636352712,
    "n_segments": 8
  }
}