method,rmse,mae,max_abs_err,n_segments
rational,0.013299405724269197,0.01069864385346439,0.023520182738134388,
pwl,0.018342569956402866,0.012557168696932814,0.04126104636352712,8
